Satellite,Timestamp,Weighted_Values
0,59,"228069509.31, 225685509.76, 204682672.71, 185204555.17, 167580011.51, 151632664.93, 137202909.02, 124146325.95, 112332241.03, 101642414.94, 91969860.29, 83217770.92, 75298552.98, 68132948.26, 61649240.99, 55782540.04, 50474129.50, 45670881.01, 41296897.18, 35681596.09, 1869702.38, -93931298.40, -110803158.26, --, --, --, --, --, --, --, --, --, --, --, --, --, --"
0,60,"249421062.02, 226209337.32, 204682688.27, 185204555.17, 167580011.51, 151632664.93, 137202909.02, 124146325.95, 112332241.03, 101642414.94, 91969860.29, 83217770.92, 75298552.98, 68132948.26, 61649240.99, 55782540.04, 50474129.50, 45640129.77, 39434262.31, 2066340.70, -103810139.29, -122456428.14, --, --, --, --, --, --, --, --, --, --, --, --, --, --"
0,61,"249999981.00, 226209354.51, 204682688.27, 185204555.17, 167580011.51, 151632664.93, 137202909.02, 124146325.95, 112332241.03, 101642414.94, 91969860.29, 83217770.92, 75298552.98, 68132948.26, 61649240.99, 55782540.04, 50440144.12, 43581599.89, 2283659.65, -114727946.94, -135335283.11, --, --, --, --, --, --, --, --, --, --, --, --, --, --"
0,62,"250000000.00, 226209354.51, 204682688.27, 185204555.17, 167580011.51, 151632664.93, 137202909.02, 124146325.95, 112332241.03, 101642414.94, 91969860.29, 83217770.92, 75298552.98, 68132948.26, 61649240.98, 55744980.39, 48165116.76, 2523834.23, -126793990.45, -149568619.08, --, --, --, --, --, --, --, --, --, --, --, --, --, --"
0,63,"250000000.00, 226209354.51, 204682688.27, 185204555.17, 167580011.51, 151632664.93, 137202909.02, 124146325.95, 112332241.03, 101642414.94, 91969860.29, 83217770.92, 75298552.98, 68132948.26, 61607731.15, 53230686.30, 2789268.19, -140129030.83, -165298888.07, --, --, --, --, --, --, --, --, --, --, --, --, --, --"
0,64,"250000000.00, 226209354.51, 204682688.27, 185204555.17, 167580011.51, 151632664.93, 137202909.02, 124146325.95, 112332241.03, 101642414.94, 91969860.29, 83217770.92, 75298552.98, 68087072.80, 58829006.45, 3082618.09, -154866529.65, -182683523.88, --, --, --, --, --, --, --, --, --, --, --, --, --, --"
0,65,"250000000.00, 226209354.51, 204682688.27, 185204555.17, 167580011.51, 151632664.93, 137202909.02, 124146325.95, 112332241.03, 101642414.94, 91969860.29, 83217770.92, 75247852.75, 65016107.07, 3406819.86, -171153984.75, -201896517.80, --, --, --, --, --, --, --, --, --, --, --, --, --, --"
0,66,"250000000.00, 226209354.51, 204682688.27, 185204555.17, 167580011.51, 151632664.93, 137202909.02, 124146325.95, 112332241.03, 101642414.94, 91969860.29, 83161738.51, 71853910.74, 3765118.23, -189154406.46, -223130159.94, --, --, --, --, --, --, --, --, --, --, --, --, --, --"
0,67,"250000000.00, 226209354.51, 204682688.27, 185204555.17, 167580011.51, 151632664.93, 137202909.02, 124146325.95, 112332241.03, 101642414.93, 91907934.90, 79410852.50, 4161099.18, -209047949.05, -246596963.71, --, --, --, --, --, --, --, --, --, --, --, --, --, --"
0,68,"250000000.00, 226209354.51, 204682688.27, 185204555.17, 167580011.51, 151632664.93, 137202909.02, 124146325.95, 112332241.03, 101573976.79, 87762564.76, 4598725.80, -231033713.77, -272531792.78, --, --, --, --, --, --, --, --, --, --, --, --, --, --"
0,69,"250000000.00, 226209354.51, 204682688.27, 185204555.17, 167580011.51, 151632664.93, 137202909.02, 124146325.95, 112256605.18, 96992634.27, 5082378.01, -255331741.56, -301194211.63, --, --, --, --, --, --, --, --, --, --, --, --, --, --"
0,70,"250000000.00, 226209354.51, 204682688.27, 185204555.17, 167580011.51, 151632664.93, 137202909.02, 124062735.41, 107193438.67, 5616896.37, -282185215.23, -332871083.38, --, --, --, --, --, --, --, --, --, --, --, --, --, --"
0,71,"250000000.00, 226209354.51, 204682688.27, 185204555.17, 167580011.51, 151632664.93, 137110527.19, 118467071.02, 6207630.52, -311862893.38, -367879440.83, --, --, --, --, --, --, --, --, --, --, --, --, --, --"
0,72,"250000000.00, 226209354.51, 204682688.27, 185204555.17, 167580011.51, 151530567.21, 130926361.64, 6860492.72, -344661800.19, -406569659.36, --, --, --, --, --, --, --, --, --, --, --, --, --, --"
0,73,"250000000.00, 226209354.51, 204682688.27, 185204555.17, 167467176.08, 144696007.30, 7582017.04, -380910198.15, -449328963.69, --, --, --, --, --, --, --, --, --, --, --, --, --, --"
0,74,"250000000.00, 226209354.51, 204682688.27, 185079852.74, 159913819.23, 8379424.73, -420970873.39, -496585303.32, --, --, --, --, --, --, --, --, --, --, --, --, --, --"
0,75,"250000000.00, 226209354.51, 204544870.77, 176732102.41, 9260696.52, -465244766.63, -548811635.58, --, --, --, --, --, --, --, --, --, --, --, --, --, --"
0,76,"250000000.00, 226057042.61, 195319179.87, 10234652.48, -514174985.86, -606530659.14, --, --, --, --, --, --, --, --, --, --, --, --, --, --"
0,77,"249831669.32, 215861077.34, 11311040.28, -568251241.18, -670320045.40, --, --, --, --, --, --, --, --, --, --, --, --, --, --"
0,78,"238563385.02, 12500632.77, -628014745.91, -740818219.98, --, --, --, --, --, --, --, --, --, --, --, --, --, --"
0,79,"13815335.79, -694063633.30, -818730752.31, --, --, --, --, --, --, --, --, --, --, --, --, --, --"
1,25,"236881580.90, 226136225.98, 204682688.27, 185204555.17, 167580011.51, 151632664.93, 137202909.02, 124146325.95, 112332241.03, 101642414.94, 91969860.29, 83217770.92, 75298552.98, 68132948.26, 61649240.99, 55782540.04, 50474129.50, 45670881.01, 41324722.03, 37329813.99, 29590587.04, -53104114.21, -110793947.43, --, --, --, --, --, --, --, --, --, --, --, --, --, --, --, --, --, --, --, --, --, --, --, --, --, --, --, --, --, --, --, --, --, --, --, --, --, --, --, --, --, --, --, --, --, --, --, --"
1,26,"249919180.47, 226209354.51, 204682688.27, 185204555.17, 167580011.51, 151632664.93, 137202909.02, 124146325.95, 112332241.03, 101642414.94, 91969860.29, 83217770.92, 75298552.98, 68132948.26, 61649240.99, 55782540.04, 50474129.50, 45670880.98, 41255824.80, 32702656.25, -58689122.66, -122446248.60, --, --, --, --, --, --, --, --, --, --, --, --, --, --, --, --, --, --, --, --, --, --, --, --, --, --, --, --, --, --, --, --, --, --, --, --, --, --, --, --, --, --, --, --, --, --, --, --"
1,27,"250000000.00, 226209354.51, 204682688.27, 185204555.17, 167580011.51, 151632664.93, 137202909.02, 124146325.95, 112332241.03, 101642414.94, 91969860.29, 83217770.92, 75298552.98, 68132948.26, 61649240.99, 55782540.04, 50474129.46, 45594737.77, 36142024.63, -64861511.57, -135324032.98, --, --, --, --, --, --, --, --, --, --, --, --, --, --, --, --, --, --, --, --, --, --, --, --, --, --, --, --, --, --, --, --, --, --, --, --, --, --, --, --, --, --, --, --, --, --, --, --"
1,28,"250000000.00, 226209354.51, 204682688.27, 185204555.17, 167580011.51, 151632664.93, 137202909.02, 124146325.95, 112332241.03, 101642414.94, 91969860.29, 83217770.92, 75298552.98, 68132948.26, 61649240.99, 55782540.00, 50389978.20, 39943114.54, -71683056.29, -149556185.77, --, --, --, --, --, --, --, --, --, --, --, --, --, --, --, --, --, --, --, --, --, --, --, --, --, --, --, --, --, --, --, --, --, --, --, --, --, --, --, --, --, --, --, --, --, --, --, --"
1,29,"250000000.00, 226209354.51, 204682688.27, 185204555.17, 167580011.51, 151632664.93, 137202909.02, 124146325.95, 112332241.03, 101642414.94, 91969860.29, 83217770.92, 75298552.98, 68132948.26, 61649240.94, 55689538.47, 44143968.57, -79222029.13, -165285147.13, --, --, --, --, --, --, --, --, --, --, --, --, --, --, --, --, --, --, --, --, --, --, --, --, --, --, --, --, --, --, --, --, --, --, --, --, --, --, --, --, --, --, --, --, --, --, --, --"
1,30,"250000000.00, 226209354.51, 204682688.27, 185204555.17, 167580011.51, 151632664.93, 137202909.02, 124146325.95, 112332241.03, 101642414.94, 91969860.29, 83217770.92, 75298552.98, 68132948.21, 61546458.36, 48786630.27, -87553882.67, -182668337.80, --, --, --, --, --, --, --, --, --, --, --, --, --, --, --, --, --, --, --, --, --, --, --, --, --, --, --, --, --, --, --, --, --, --, --, --, --, --, --, --, --, --, --, --, --, --, --, --"
1,31,"250000000.00, 226209354.51, 204682688.27, 185204555.17, 167580011.51, 151632664.93, 137202909.02, 124146325.95, 112332241.03, 101642414.94, 91969860.29, 83217770.92, 75298552.92, 68019355.89, 53917564.96, -96762004.89, -201879734.59, --, --, --, --, --, --, --, --, --, --, --, --, --, --, --, --, --, --, --, --, --, --, --, --, --, --, --, --, --, --, --, --, --, --, --, --, --, --, --, --, --, --, --, --, --, --, --, --"
1,32,"250000000.00, 226209354.51, 204682688.27, 185204555.17, 167580011.51, 151632664.93, 137202909.02, 124146325.95, 112332241.03, 101642414.94, 91969860.29, 83217770.87, 75173014.00, 59588124.77, -106938553.78, -223111611.62, --, --, --, --, --, --, --, --, --, --, --, --, --, --, --, --, --, --, --, --, --, --, --, --, --, --, --, --, --, --, --, --, --, --, --, --, --, --, --, --, --, --, --, --, --, --, --, --"
1,33,"250000000.00, 226209354.51, 204682688.27, 185204555.17, 167580011.51, 151632664.93, 137202909.02, 124146325.95, 112332241.03, 101642414.94, 91969860.23, 83079028.89, 65855062.56, -118185379.66, -246576464.64, --, --, --, --, --, --, --, --, --, --, --, --, --, --, --, --, --, --, --, --, --, --, --, --, --, --, --, --, --, --, --, --, --, --, --, --, --, --, --, --, --, --, --, --, --, --, --, --"
1,34,"250000000.00, 226209354.51, 204682688.27, 185204555.17, 167580011.51, 151632664.93, 137202909.02, 124146325.95, 112332241.03, 101642414.86, 91816526.63, 72781099.95, -130615044.54, -272509137.81, --, --, --, --, --, --, --, --, --, --, --, --, --, --, --, --, --, --, --, --, --, --, --, --, --, --, --, --, --, --, --, --, --, --, --, --, --, --, --, --, --, --, --, --, --, --, --, --"
1,35,"250000000.00, 226209354.51, 204682688.27, 185204555.17, 167580011.51, 151632664.93, 137202909.02, 124146325.95, 112332240.95, 101472955.04, 80435555.05, -144351948.69, -301169174.01, --, --, --, --, --, --, --, --, --, --, --, --, --, --, --, --, --, --, --, --, --, --, --, --, --, --, --, --, --, --, --, --, --, --, --, --, --, --, --, --, --, --, --, --, --, --, --, --"
1,36,"250000000.00, 226209354.51, 204682688.27, 185204555.17, 167580011.51, 151632664.93, 137202909.02, 124146325.86, 112144958.88, 88895036.22, -159533575.66, -332843412.54, --, --, --, --, --, --, --, --, --, --, --, --, --, --, --, --, --, --, --, --, --, --, --, --, --, --, --, --, --, --, --, --, --, --, --, --, --, --, --, --, --, --, --, --, --, --, --, --"
1,37,"250000000.00, 226209354.51, 204682688.27, 185204555.17, 167580011.51, 151632664.93, 137202908.93, 123939347.16, 98244208.79, -176311868.27, -367848859.81, --, --, --, --, --, --, --, --, --, --, --, --, --, --, --, --, --, --, --, --, --, --, --, --, --, --, --, --, --, --, --, --, --, --, --, --, --, --, --, --, --, --, --, --, --, --, --, --"
1,38,"250000000.00, 226209354.51, 204682688.27, 185204555.17, 167580011.51, 151632664.82, 136974162.08, 108576642.43, -194854749.32, -406535862.11, --, --, --, --, --, --, --, --, --, --, --, --, --, --, --, --, --, --, --, --, --, --, --, --, --, --, --, --, --, --, --, --, --, --, --, --, --, --, --, --, --, --, --, --, --, --, --, --"
1,39,"250000000.00, 226209354.51, 204682688.27, 185204555.17, 167580011.39, 151379860.46, 119995747.59, -215347802.20, -449291611.96, --, --, --, --, --, --, --, --, --, --, --, --, --, --, --, --, --, --, --, --, --, --, --, --, --, --, --, --, --, --, --, --, --, --, --, --, --, --, --, --, --, --, --, --, --, --, --, --"
1,40,"250000000.00, 226209354.51, 204682688.27, 185204555.04, 167300619.37, 132615810.53, -237996128.27, -496544023.28, --, --, --, --, --, --, --, --, --, --, --, --, --, --, --, --, --, --, --, --, --, --, --, --, --, --, --, --, --, --, --, --, --, --, --, --, --, --, --, --, --, --, --, --, --, --, --, --"
1,41,"250000000.00, 226209354.51, 204682688.12, 184895779.10, 146563137.08, -263026399.57, -548766014.07, --, --, --, --, --, --, --, --, --, --, --, --, --, --, --, --, --, --, --, --, --, --, --, --, --, --, --, --, --, --, --, --, --, --, --, --, --, --, --, --, --, --, --, --, --, --, --, --"
1,42,"250000000.00, 226209354.35, 204341437.94, 161977316.76, -290689127.50, -606480239.58, --, --, --, --, --, --, --, --, --, --, --, --, --, --, --, --, --, --, --, --, --, --, --, --, --, --, --, --, --, --, --, --, --, --, --, --, --, --, --, --, --, --, --, --, --, --, --, --"
1,43,"249999999.82, 225832214.57, 179012619.87, -321261169.91, -670264323.17, --, --, --, --, --, --, --, --, --, --, --, --, --, --, --, --, --, --, --, --, --, --, --, --, --, --, --, --, --, --, --, --, --, --, --, --, --, --, --, --, --, --, --, --, --, --, --, --"
1,44,"249583195.90, 197839541.45, -355048502.09, -740756637.39, --, --, --, --, --, --, --, --, --, --, --, --, --, --, --, --, --, --, --, --, --, --, --, --, --, --, --, --, --, --, --, --, --, --, --, --, --, --, --, --, --, --, --, --, --, --, --, --"
1,45,"218646507.66, -392389279.02, -818662693.02, --, --, --, --, --, --, --, --, --, --, --, --, --, --, --, --, --, --, --, --, --, --, --, --, --, --, --, --, --, --, --, --, --, --, --, --, --, --, --, --, --, --, --, --, --, --, --, --"
2,1,"250000000.00, 226209354.51, 204682688.27, 185204555.17, 167580011.51, 151632664.93, 137202909.02, 124146210.14, 112222312.85, 100043353.61, 46872283.40, -187821580.46, -300465728.36, --, --, --, --, --, --, --, --, --, --, --, --, --, --, --, --, --, --, --, --, --, --, --, --, --, --, --, --, --, --, --, --, --, --, --, --, --, --, --, --, --, --, --, --, --, --, --, --, --, --, --, --, --, --, --, --, --, --, --, --, --, --, --, --, --, --, --, --, --, --, --, --, --, --, --, --, --, --, --, --, --, --"
2,2,"250000000.00, 226209354.51, 204682688.27, 185204555.17, 167580011.51, 151632664.93, 137202781.04, 124024836.52, 110565004.96, 51801884.48, -207574948.51, -332065984.86, --, --, --, --, --, --, --, --, --, --, --, --, --, --, --, --, --, --, --, --, --, --, --, --, --, --, --, --, --, --, --, --, --, --, --, --, --, --, --, --, --, --, --, --, --, --, --, --, --, --, --, --, --, --, --, --, --, --, --, --, --, --, --, --, --, --, --, --, --, --, --, --, --, --, --, --, --, --, --, --, --, --"
2,3,"250000000.00, 226209354.51, 204682688.27, 185204555.17, 167580011.51, 151632523.48, 137068642.44, 122193228.03, 57249936.23, -229405796.41, -366989669.35, --, --, --, --, --, --, --, --, --, --, --, --, --, --, --, --, --, --, --, --, --, --, --, --, --, --, --, --, --, --, --, --, --, --, --, --, --, --, --, --, --, --, --, --, --, --, --, --, --, --, --, --, --, --, --, --, --, --, --, --, --, --, --, --, --, --, --, --, --, --, --, --, --, --, --, --, --, --, --, --, --, --"
2,4,"250000000.00, 226209354.51, 204682688.27, 185204555.17, 167579855.19, 151484277.41, 135044402.01, 63270964.58, -253532614.63, -405586309.80, --, --, --, --, --, --, --, --, --, --, --, --, --, --, --, --, --, --, --, --, --, --, --, --, --, --, --, --, --, --, --, --, --, --, --, --, --, --, --, --, --, --, --, --, --, --, --, --, --, --, --, --, --, --, --, --, --, --, --, --, --, --, --, --, --, --, --, --, --, --, --, --, --, --, --, --, --, --, --, --, --, --"
2,5,"250000000.00, 226209354.51, 204682688.27, 185204382.41, 167416017.94, 149247145.75, 69925230.01, -280196872.47, -448242194.36, --, --, --, --, --, --, --, --, --, --, --, --, --, --, --, --, --, --, --, --, --, --, --, --, --, --, --, --, --, --, --, --, --, --, --, --, --, --, --, --, --, --, --, --, --, --, --, --, --, --, --, --, --, --, --, --, --, --, --, --, --, --, --, --, --, --, --, --, --, --, --, --, --, --, --, --, --, --, --, --, --, --"
2,6,"250000000.00, 226209354.51, 204682497.34, 185023314.25, 164943605.09, 77279330.65, -309665434.79, -495384237.46, --, --, --, --, --, --, --, --, --, --, --, --, --, --, --, --, --, --, --, --, --, --, --, --, --, --, --, --, --, --, --, --, --, --, --, --, --, --, --, --, --, --, --, --, --, --, --, --, --, --, --, --, --, --, --, --, --, --, --, --, --, --, --, --, --, --, --, --, --, --, --, --, --, --, --, --, --, --, --, --, --, --"
2,7,"250000000.00, 226209143.50, 204482386.07, 182290875.47, 85406868.80, -342233232.87, -547484252.51, --, --, --, --, --, --, --, --, --, --, --, --, --, --, --, --, --, --, --, --, --, --, --, --, --, --, --, --, --, --, --, --, --, --, --, --, --, --, --, --, --, --, --, --, --, --, --, --, --, --, --, --, --, --, --, --, --, --, --, --, --, --, --, --, --, --, --, --, --, --, --, --, --, --, --, --, --, --, --, --, --, --"
2,8,"249999766.80, 225987986.34, 201462574.20, 94389187.61, -378226216.16, -605063673.98, --, --, --, --, --, --, --, --, --, --, --, --, --, --, --, --, --, --, --, --, --, --, --, --, --, --, --, --, --, --, --, --, --, --, --, --, --, --, --, --, --, --, --, --, --, --, --, --, --, --, --, --, --, --, --, --, --, --, --, --, --, --, --, --, --, --, --, --, --, --, --, --, --, --, --, --, --, --, --, --, --, --"
2,9,"249755350.34, 222650578.08, 104316185.12, -418004614.56, -668698776.07, --, --, --, --, --, --, --, --, --, --, --, --, --, --, --, --, --, --, --, --, --, --, --, --, --, --, --, --, --, --, --, --, --, --, --, --, --, --, --, --, --, --, --, --, --, --, --, --, --, --, --, --, --, --, --, --, --, --, --, --, --, --, --, --, --, --, --, --, --, --, --, --, --, --, --, --, --, --, --, --, --, --"
2,10,"246066943.79, 115287214.08, -461966543.63, -739026440.26, --, --, --, --, --, --, --, --, --, --, --, --, --, --, --, --, --, --, --, --, --, --, --, --, --, --, --, --, --, --, --, --, --, --, --, --, --, --, --, --, --, --, --, --, --, --, --, --, --, --, --, --, --, --, --, --, --, --, --, --, --, --, --, --, --, --, --, --, --, --, --, --, --, --, --, --, --, --, --, --, --, --"
2,11,"127412076.23, -510551989.14, -816750529.47, --, --, --, --, --, --, --, --, --, --, --, --, --, --, --, --, --, --, --, --, --, --, --, --, --, --, --, --, --, --, --, --, --, --, --, --, --, --, --, --, --, --, --, --, --, --, --, --, --, --, --, --, --, --, --, --, --, --, --, --, --, --, --, --, --, --, --, --, --, --, --, --, --, --, --, --, --, --, --, --, --, --"
3,93,"80686094.55, 214718882.60, 204549625.85"
3,94,"237301064.61, 226062297.79"
3,95,249837477.19
4,76,"164210431.86, 223393887.66, 204680928.37, 185204550.89, 167580011.51, 151632664.93, 137202909.02, 124146325.95, 112332241.03, 101642414.94, 91969860.29, 83217770.92, 75298552.98, 68132948.26, 61649240.99, 55782528.01, 50474093.24, 45515824.54, 33840559.62, -33527211.33"
4,77,"246888427.92, 226207409.52, 204682683.54, 185204555.17, 167580011.51, 151632664.93, 137202909.02, 124146325.95, 112332241.03, 101642414.94, 91969860.29, 83217770.92, 75298552.98, 68132948.26, 61649227.70, 55782499.96, 50302765.59, 37399602.34, -37053298.93"
4,78,"249997850.45, 226209349.28, 204682688.27, 185204555.17, 167580011.51, 151632664.93, 137202909.02, 124146325.95, 112332241.03, 101642414.94, 91969860.29, 83217770.92, 75298552.98, 68132933.57, 61649196.70, 55593153.63, 41332952.86, -40950228.40"
4,79,"249999994.23, 226209354.51, 204682688.27, 185204555.17, 167580011.51, 151632664.93, 137202909.02, 124146325.95, 112332241.03, 101642414.94, 91969860.29, 83217770.92, 75298536.75, 68132899.31, 61439936.63, 45679977.46, -45257001.51"
4,80,"250000000.00, 226209354.51, 204682688.27, 185204555.17, 167580011.51, 151632664.93, 137202909.02, 124146325.95, 112332241.03, 101642414.94, 91969860.29, 83217752.99, 75298498.88, 67901631.18, 50484182.62, -50016721.91"
4,81,"250000000.00, 226209354.51, 204682688.27, 185204555.17, 167580011.51, 151632664.93, 137202909.02, 124146325.95, 112332241.03, 101642414.94, 91969840.47, 83217711.14, 75042908.07, 55793650.46, -55277026.47"
4,82,"250000000.00, 226209354.51, 204682688.27, 185204555.17, 167580011.51, 151632664.93, 137202909.02, 124146325.95, 112332241.03, 101642393.03, 91969794.22, 82935239.60, 61661519.90, -61090562.10"
4,83,"250000000.00, 226209354.51, 204682688.27, 185204555.17, 167580011.51, 151632664.93, 137202909.02, 124146325.95, 112332216.82, 101642341.91, 91657614.89, 68146518.56, -67515512.60"
4,84,"250000000.00, 226209354.51, 204682688.27, 185204555.17, 167580011.51, 151632664.93, 137202909.02, 124146299.19, 112332160.33, 101297330.40, 75313550.48, -74616181.04"
4,85,"250000000.00, 226209354.51, 204682688.27, 185204555.17, 167580011.51, 151632664.93, 137202879.45, 124146236.76, 111950863.64, 83234345.72, -82463633.30"
4,86,"250000000.00, 226209354.51, 204682688.27, 185204555.17, 167580011.51, 151632632.25, 137202810.46, 123724838.75, 91988178.28, -91136409.33"
4,87,"250000000.00, 226209354.51, 204682688.27, 185204555.17, 167579975.39, 151632555.99, 136737093.62, 101662659.44, -100721309.17"
4,88,"250000000.00, 226209354.51, 204682688.27, 185204515.25, 167579891.12, 151117859.30, 112354614.67, -111314261.72"
4,89,"250000000.00, 226209354.51, 204682644.15, 185204422.12, 167011063.30, 124171052.64, -123021284.82"
4,90,"250000000.00, 226209305.75, 204682541.22, 184575770.15, 137230236.25, -135959546.29"
4,91,"249999946.12, 226209192.00, 203987773.35, 151662866.18, -150258536.59"
4,92,"249999820.40, 225441354.75, 167613389.05, -166061364.84"
4,93,"249151229.00, 185241443.06, -183526191.03"
4,94,"204723455.69, -202827809.03"
5,44,"102029801.88, 224242588.27, 204527012.99, 185204555.17, 167580011.51, 151632664.93, 137202909.02, 124146325.95, 112332241.03, 101642414.94, 91969860.29, 83217770.92, 75298552.98, 68132948.26, 61649240.99, 55782540.04, 50474129.50, 45670881.01, 41208922.84, 29123689.49, -93366369.30, --, --, --, --, --, --, --, --, --, --, --, --, --, --, --, --, --, --, --, --, --, --, --, --, --, --, --, --, --, --, --"
5,45,"247826387.15, 226037306.72, 204682688.27, 185204555.17, 167580011.51, 151632664.93, 137202909.02, 124146325.95, 112332241.03, 101642414.94, 91969860.29, 83217770.92, 75298552.98, 68132948.26, 61649240.99, 55782540.04, 50474129.50, 45542903.09, 32186654.65, -103185796.07, --, --, --, --, --, --, --, --, --, --, --, --, --, --, --, --, --, --, --, --, --, --, --, --, --, --, --, --, --, --, --"
5,46,"249809857.79, 226209354.51, 204682688.27, 185204555.17, 167580011.51, 151632664.93, 137202909.02, 124146325.95, 112332241.03, 101642414.94, 91969860.29, 83217770.92, 75298552.98, 68132948.26, 61649240.99, 55782540.04, 50332692.02, 35571754.67, -114037940.98, --, --, --, --, --, --, --, --, --, --, --, --, --, --, --, --, --, --, --, --, --, --, --, --, --, --, --, --, --, --, --"
5,47,"250000000.00, 226209354.51, 204682688.27, 185204555.17, 167580011.51, 151632664.93, 137202909.02, 124146325.95, 112332241.03, 101642414.94, 91969860.29, 83217770.92, 75298552.98, 68132948.26, 61649240.99, 55626227.45, 39312868.76, -126031415.93, --, --, --, --, --, --, --, --, --, --, --, --, --, --, --, --, --, --, --, --, --, --, --, --, --, --, --, --, --, --, --"
5,48,"250000000.00, 226209354.51, 204682688.27, 185204555.17, 167580011.51, 151632664.93, 137202909.02, 124146325.95, 112332241.03, 101642414.94, 91969860.29, 83217770.92, 75298552.98, 68132948.26, 61476488.86, 43447439.26, -139286255.65, --, --, --, --, --, --, --, --, --, --, --, --, --, --, --, --, --, --, --, --, --, --, --, --, --, --, --, --, --, --, --"
5,49,"250000000.00, 226209354.51, 204682688.27, 185204555.17, 167580011.51, 151632664.93, 137202909.02, 124146325.95, 112332241.03, 101642414.94, 91969860.29, 83217770.92, 75298552.98, 67942027.63, 48016846.34, -153935119.03, --, --, --, --, --, --, --, --, --, --, --, --, --, --, --, --, --, --, --, --, --, --, --, --, --, --, --, --, --, --, --"
5,50,"250000000.00, 226209354.51, 204682688.27, 185204555.17, 167580011.51, 151632664.93, 137202909.02, 124146325.95, 112332241.03, 101642414.94, 91969860.29, 83217770.92, 75087553.05, 53066822.15, -170124616.82, --, --, --, --, --, --, --, --, --, --, --, --, --, --, --, --, --, --, --, --, --, --, --, --, --, --, --, --, --, --, --"
5,51,"250000000.00, 226209354.51, 204682688.27, 185204555.17, 167580011.51, 151632664.93, 137202909.02, 124146325.95, 112332241.03, 101642414.94, 91969860.29, 82984579.94, 58647908.55, -188016778.96, --, --, --, --, --, --, --, --, --, --, --, --, --, --, --, --, --, --, --, --, --, --, --, --, --, --, --, --, --, --, --"
5,52,"250000000.00, 226209354.51, 204682688.27, 185204555.17, 167580011.51, 151632664.93, 137202909.02, 124146325.95, 112332241.03, 101642414.94, 91712144.40, 64815962.94, -207790676.22, --, --, --, --, --, --, --, --, --, --, --, --, --, --, --, --, --, --, --, --, --, --, --, --, --, --, --, --, --, --, --"
5,53,"250000000.00, 226209354.51, 204682688.27, 185204555.17, 167580011.51, 151632664.93, 137202909.02, 124146325.95, 112332241.03, 101357594.83, 71632717.27, -229644212.40, --, --, --, --, --, --, --, --, --, --, --, --, --, --, --, --, --, --, --, --, --, --, --, --, --, --, --, --, --, --, --"
5,54,"250000000.00, 226209354.51, 204682688.27, 185204555.17, 167580011.51, 151632664.93, 137202909.02, 124146325.95, 112017466.13, 79166395.91, -253796105.05, --, --, --, --, --, --, --, --, --, --, --, --, --, --, --, --, --, --, --, --, --, --, --, --, --, --, --, --, --, --, --"
5,55,"250000000.00, 226209354.51, 204682688.27, 185204555.17, 167580011.51, 151632664.93, 137202909.02, 123798445.88, 87492398.44, -280488074.42, --, --, --, --, --, --, --, --, --, --, --, --, --, --, --, --, --, --, --, --, --, --, --, --, --, --, --, --, --, --, --"
5,56,"250000000.00, 226209354.51, 204682688.27, 185204555.17, 167580011.51, 151632664.93, 136818442.09, 96694054.31, -309987262.72, --, --, --, --, --, --, --, --, --, --, --, --, --, --, --, --, --, --, --, --, --, --, --, --, --, --, --, --, --, --, --"
5,57,"250000000.00, 226209354.51, 204682688.27, 185204555.17, 167580011.51, 151207763.26, 106863456.78, -342588907.73, --, --, --, --, --, --, --, --, --, --, --, --, --, --, --, --, --, --, --, --, --, --, --, --, --, --, --, --, --, --, --"
5,58,"250000000.00, 226209354.51, 204682688.27, 185204555.17, 167110422.54, 118102384.64, -378619297.68, --, --, --, --, --, --, --, --, --, --, --, --, --, --, --, --, --, --, --, --, --, --, --, --, --, --, --, --, --, --, --"
5,59,"250000000.00, 226209354.51, 204682688.27, 184685579.10, 130523320.86, -418439036.82, --, --, --, --, --, --, --, --, --, --, --, --, --, --, --, --, --, --, --, --, --, --, --, --, --, --, --, --, --, --, --"
5,60,"250000000.00, 226209354.51, 204109131.01, 144250578.34, -462446654.48, --, --, --, --, --, --, --, --, --, --, --, --, --, --, --, --, --, --, --, --, --, --, --, --, --, --, --, --, --, --, --"
5,61,"250000000.00, 225575475.70, 159421544.10, -511082593.69, --, --, --, --, --, --, --, --, --, --, --, --, --, --, --, --, --, --, --, --, --, --, --, --, --, --, --, --, --, --, --"
5,62,"249299455.58, 176188054.25, -564833619.28, --, --, --, --, --, --, --, --, --, --, --, --, --, --, --, --, --, --, --, --, --, --, --, --, --, --, --, --, --, --, --"
5,63,"194717913.67, -624237689.58, --, --, --, --, --, --, --, --, --, --, --, --, --, --, --, --, --, --, --, --, --, --, --, --, --, --, --, --, --, --, --"
6,13,"76014242.87, 223836390.89, 204679986.64, 185204555.17, 167580011.51, 151632664.93, 137202909.02, 124146325.95, 112332241.03, 101642414.94, 91969860.29, 83217770.92, 75298552.98, 68132948.26, 61649240.99, 55782540.04, 50474129.50, 45625197.76, 38958012.44, -42134224.40, -135173123.40, --, --, --, --, --, --, --, --, --, --, --, --, --, --, --, --, --, --, --, --, --, --, --, --, --, --, --, --, --, --, --, --, --, --, --, --, --, --, --, --, --, --, --, --, --, --, --, --, --, --, --, --, --, --, --, --, --, --, --, --, --, --"
6,14,"247377469.62, 226206368.74, 204682688.27, 185204555.17, 167580011.51, 151632664.93, 137202909.02, 124146325.95, 112332241.03, 101642414.94, 91969860.29, 83217770.92, 75298552.98, 68132948.26, 61649240.99, 55782540.04, 50423641.70, 43055262.37, -46565519.46, -149389404.89, --, --, --, --, --, --, --, --, --, --, --, --, --, --, --, --, --, --, --, --, --, --, --, --, --, --, --, --, --, --, --, --, --, --, --, --, --, --, --, --, --, --, --, --, --, --, --, --, --, --, --, --, --, --, --, --, --, --, --, --, --, --"
6,15,"249996700.22, 226209354.51, 204682688.27, 185204555.17, 167580011.51, 151632664.93, 137202909.02, 124146325.95, 112332241.03, 101642414.94, 91969860.29, 83217770.92, 75298552.98, 68132948.26, 61649240.99, 55726742.39, 47583423.84, -51462857.89, -165100825.75, --, --, --, --, --, --, --, --, --, --, --, --, --, --, --, --, --, --, --, --, --, --, --, --, --, --, --, --, --, --, --, --, --, --, --, --, --, --, --, --, --, --, --, --, --, --, --, --, --, --, --, --, --, --, --, --, --, --, --, --, --, --"
6,16,"250000000.00, 226209354.51, 204682688.27, 185204555.17, 167580011.51, 151632664.93, 137202909.02, 124146325.95, 112332241.03, 101642414.94, 91969860.29, 83217770.92, 75298552.98, 68132948.26, 61587575.04, 52587816.21, -56875253.90, -182464631.17, --, --, --, --, --, --, --, --, --, --, --, --, --, --, --, --, --, --, --, --, --, --, --, --, --, --, --, --, --, --, --, --, --, --, --, --, --, --, --, --, --, --, --, --, --, --, --, --, --, --, --, --, --, --, --, --, --, --, --, --, --, --"
6,17,"250000000.00, 226209354.51, 204682688.27, 185204555.17, 167580011.51, 151632664.93, 137202909.02, 124146325.95, 112332241.03, 101642414.94, 91969860.29, 83217770.92, 75298552.98, 68064796.85, 58118525.12, -62856876.57, -201654603.94, --, --, --, --, --, --, --, --, --, --, --, --, --, --, --, --, --, --, --, --, --, --, --, --, --, --, --, --, --, --, --, --, --, --, --, --, --, --, --, --, --, --, --, --, --, --, --, --, --, --, --, --, --, --, --, --, --, --, --, --, --, --"
6,18,"250000000.00, 226209354.51, 204682688.27, 185204555.17, 167580011.51, 151632664.93, 137202909.02, 124146325.95, 112332241.03, 101642414.94, 91969860.29, 83217770.92, 75223234.03, 64230903.77, -69467591.99, -222862803.78, --, --, --, --, --, --, --, --, --, --, --, --, --, --, --, --, --, --, --, --, --, --, --, --, --, --, --, --, --, --, --, --, --, --, --, --, --, --, --, --, --, --, --, --, --, --, --, --, --, --, --, --, --, --, --, --, --, --, --, --, --, --"
6,19,"250000000.00, 226209354.51, 204682688.27, 185204555.17, 167580011.51, 151632664.93, 137202909.02, 124146325.95, 112332241.03, 101642414.94, 91969860.29, 83134530.61, 70986126.89, -76773562.42, -246301489.45, --, --, --, --, --, --, --, --, --, --, --, --, --, --, --, --, --, --, --, --, --, --, --, --, --, --, --, --, --, --, --, --, --, --, --, --, --, --, --, --, --, --, --, --, --, --, --, --, --, --, --, --, --, --, --, --, --, --, --, --, --, --"
6,20,"250000000.00, 226209354.51, 204682688.27, 185204555.17, 167580011.51, 151632664.93, 137202909.02, 124146325.95, 112332241.03, 101642414.94, 91877865.52, 78451803.02, -84847908.46, -272205243.22, --, --, --, --, --, --, --, --, --, --, --, --, --, --, --, --, --, --, --, --, --, --, --, --, --, --, --, --, --, --, --, --, --, --, --, --, --, --, --, --, --, --, --, --, --, --, --, --, --, --, --, --, --, --, --, --, --, --, --, --, --, --"
6,21,"250000000.00, 226209354.51, 204682688.27, 185204555.17, 167580011.51, 151632664.93, 137202909.02, 124146325.95, 112332241.03, 101540744.98, 86702651.17, -93771440.89, -300833318.56, --, --, --, --, --, --, --, --, --, --, --, --, --, --, --, --, --, --, --, --, --, --, --, --, --, --, --, --, --, --, --, --, --, --, --, --, --, --, --, --, --, --, --, --, --, --, --, --, --, --, --, --, --, --, --, --, --, --, --, --, --, --"
6,22,"250000000.00, 226209354.51, 204682688.27, 185204555.17, 167580011.51, 151632664.93, 137202909.02, 124146325.95, 112219878.36, 95821248.59, -103633469.42, -332472234.86, --, --, --, --, --, --, --, --, --, --, --, --, --, --, --, --, --, --, --, --, --, --, --, --, --, --, --, --, --, --, --, --, --, --, --, --, --, --, --, --, --, --, --, --, --, --, --, --, --, --, --, --, --, --, --, --, --, --, --, --, --, --"
6,23,"250000000.00, 226209354.51, 204682688.27, 185204555.17, 167580011.51, 151632664.93, 137202909.02, 124022145.99, 105898857.28, -114532696.54, -367438645.03, --, --, --, --, --, --, --, --, --, --, --, --, --, --, --, --, --, --, --, --, --, --, --, --, --, --, --, --, --, --, --, --, --, --, --, --, --, --, --, --, --, --, --, --, --, --, --, --, --, --, --, --, --, --, --, --, --, --, --, --, --, --"
6,24,"250000000.00, 226209354.51, 204682688.27, 185204555.17, 167580011.51, 151632664.93, 137065668.95, 117036337.32, -126578205.38, -406082504.67, --, --, --, --, --, --, --, --, --, --, --, --, --, --, --, --, --, --, --, --, --, --, --, --, --, --, --, --, --, --, --, --, --, --, --, --, --, --, --, --, --, --, --, --, --, --, --, --, --, --, --, --, --, --, --, --, --, --, --, --, --, --"
6,25,"250000000.00, 226209354.51, 204682688.27, 185204555.17, 167580011.51, 151480991.19, 129345156.37, -139890551.45, -448790574.50, --, --, --, --, --, --, --, --, --, --, --, --, --, --, --, --, --, --, --, --, --, --, --, --, --, --, --, --, --, --, --, --, --, --, --, --, --, --, --, --, --, --, --, --, --, --, --, --, --, --, --, --, --, --, --, --, --, --, --, --, --, --"
6,26,"250000000.00, 226209354.51, 204682688.27, 185204555.17, 167412386.10, 142948505.21, -154602969.18, -495990291.24, --, --, --, --, --, --, --, --, --, --, --, --, --, --, --, --, --, --, --, --, --, --, --, --, --, --, --, --, --, --, --, --, --, --, --, --, --, --, --, --, --, --, --, --, --, --, --, --, --, --, --, --, --, --, --, --, --, --, --, --, --, --"
6,27,"250000000.00, 226209354.51, 204682688.27, 185019300.44, 157982530.74, -170862705.38, -548154045.53, --, --, --, --, --, --, --, --, --, --, --, --, --, --, --, --, --, --, --, --, --, --, --, --, --, --, --, --, --, --, --, --, --, --, --, --, --, --, --, --, --, --, --, --, --, --, --, --, --, --, --, --, --, --, --, --, --, --, --, --, --, --"
6,28,"250000000.00, 226209354.51, 204477950.13, 174597698.54, -188832492.97, -605803909.74, --, --, --, --, --, --, --, --, --, --, --, --, --, --, --, --, --, --, --, --, --, --, --, --, --, --, --, --, --, --, --, --, --, --, --, --, --, --, --, --, --, --, --, --, --, --, --, --, --, --, --, --, --, --, --, --, --, --, --, --, --, --"
6,29,"250000000.00, 225983083.87, 192960298.79, -208692179.62, -669516863.10, --, --, --, --, --, --, --, --, --, --, --, --, --, --, --, --, --, --, --, --, --, --, --, --, --, --, --, --, --, --, --, --, --, --, --, --, --, --, --, --, --, --, --, --, --, --, --, --, --, --, --, --, --, --, --, --, --, --, --, --, --, --"
6,30,"249749932.27, 213254110.57, -230640527.75, -739930566.26, --, --, --, --, --, --, --, --, --, --, --, --, --, --, --, --, --, --, --, --, --, --, --, --, --, --, --, --, --, --, --, --, --, --, --, --, --, --, --, --, --, --, --, --, --, --, --, --, --, --, --, --, --, --, --, --, --, --, --, --, --, --"
6,31,"235682241.16, -254897203.79, -817749743.23, --, --, --, --, --, --, --, --, --, --, --, --, --, --, --, --, --, --, --, --, --, --, --, --, --, --, --, --, --, --, --, --, --, --, --, --, --, --, --, --, --, --, --, --, --, --, --, --, --, --, --, --, --, --, --, --, --, --, --, --, --, --"
